name,email,phone_number,date_of_birth,address,city,state,zipcode,neighborhood,preferred_contact_method,notes,client_type
Eric Perry,eric.perry@example.com,447-363-9977,1954-10-10,2682 West End Ave,New York,NY,39418-4492,Bronx,Email,"Word rule every think instead step chair. Feeling take local send two.
War seven southern you. Rise respond minute card. Possible near action chance try goal customer we.",VIP
Charlotte White,charlotte.white@example.com,+1-443-780-6410x8218,1953-10-05,523 1st Ave,New York,NY,70905-1360,Manhattan,Phone,All movie make generation also. Age trouble this difficult. Camera become garden pick term work expect.,VIP
Heather Gonzalez,heather.gonzalez@example.com,850-243-4809x3734,1977-10-05,1954 2nd Ave,New York,NY,46653-7706,Bronx,Mail,Exactly discuss with lose always. No different quality conference certainly. Pressure option positive democratic write look realize religious.,VIP
Madison Richardson,madison.richardson@example.com,+1-959-853-4278,1956-12-04,1536 Canal Street,New York,NY,49129-9353,Queens,Phone,"Painting share glass expert put maintain democratic happen. May spring nature gun thank.
A number human too begin pass management. I deal front despite enough pressure born.",Corporate
Aubrey Peterson,aubrey.peterson@example.com,(704)435-1300,1997-11-12,605 Fulton Street,New York,NY,26551-6913,Brooklyn,Mail,"Major south report deal station account. Read including move tonight.
Unit girl a itself century state job. Democrat consider for camera break whose resource.",Individual
Nora Bailey,nora.bailey@example.com,869.657.3280,1946-09-26,384 West End Ave,New York,NY,85756-5904,Staten Island,Phone,"Shoulder something must job. Easy plant without let hold. Fast although open prove program space.
News water sit.",Individual
Timothy Rogers,timothy.rogers@example.com,935.793.6451x78734,1982-08-01,7872 Bleecker Street,New York,NY,84457-7631,Bronx,Mail,"Forward later region throw bank enjoy. Go vote director understand.
Nation expect economic already. Point check that understand minute environmental manager table.",Government
Sarah Perry,sarah.perry@example.com,8752921808,1985-12-01,519 1st Ave,New York,NY,31708-2083,Queens,Email,"Wrong surface drive war itself itself. Case meet sense former key wide seem.
Body himself side break. Or model career simple bed box. Keep message create piece.",Corporate
Paisley Perry,paisley.perry@example.com,+1-315-644-2940x4796,1979-11-01,643 Bleecker Street,New York,NY,64171-9819,Manhattan,Phone,"Go laugh professor or within effect exactly.
Fund theory pass each give. Stay though pressure certain. Test fish gun power arm try.",Corporate
Evelyn Barnes,evelyn.barnes@example.com,+1-268-440-1281x432,1951-10-24,54991 Bowery,New York,NY,13188-3903,Staten Island,Email,Need task near data. Middle sound institution. Reflect happen its see debate cultural.,Government
Madison Gray,madison.gray@example.com,701.381.5715,2002-11-19,9636 Madison Ave,New York,NY,65185-1866,Queens,Phone,"Accept generation our themselves necessary occur. Month form with under method. Collection can score hit.
Agree visit shoulder window fund anything. Two field property really ready.",Small Business
Scarlett Thomas,scarlett.thomas@example.com,921-998-9522x545,1963-01-02,3787 Houston Street,New York,NY,19005-9385,Queens,Mail,"Change chance share event behind Mrs even. Risk player fast training. Thank maintain mention upon finally smile.
Reach where he enjoy can. Us top federal management.",Individual
Benjamin Carter,benjamin.carter@example.com,894.433.1312,1985-05-14,9445 Mulberry Street,New York,NY,58378-3184,Staten Island,Phone,"Guess whom herself she campaign. Mind brother step truth.
General my certainly allow know scene ok. Drug never only charge boy keep.",Corporate
Stephanie Garcia,stephanie.garcia@example.com,679.566.2114,1973-05-31,4605 Park Ave,New York,NY,79946-7577,Manhattan,Email,Wonder off choice fast. Image small past reason sit behind itself conference. Only may truth art.,VIP
Ashley Davis,ashley.davis@example.com,(654)580-9184x7283,1965-06-21,605 Canal Street,New York,NY,17853-4554,Queens,Mail,"Never rock statement alone continue always.
Situation bit rock spring. Ready road yes product common realize.
Find above his very interview. With those method newspaper direction.",Non-Profit
Eric White,eric.white@example.com,568.565.7467x885,2001-12-08,333 Forest Ave,New York,NY,87093-4662,Brooklyn,Email,"Central understand level laugh it growth candidate. Whatever behavior land campaign test.
Agent half turn for language them. Measure official present.",Individual
Rebecca Torres,rebecca.torres@example.com,001-314-889-0980x5017,1945-09-04,54005 Arthur Ave,New York,NY,12878-3807,Bronx,Mail,"This grow protect include. Just learn ten south.
Clearly south standard everything. Even art or can. Parent history buy.
Performance light next peace. Pattern interview cut need price technology.",VIP
Lillian White,lillian.white@example.com,+1-448-539-9675,1962-09-14,98517 Victory Blvd,New York,NY,35837-3723,Brooklyn,Email,Compare mind line trial either. Ability take yeah see size these live.,VIP
Evan Gonzales,evan.gonzales@example.com,634-808-0609,1973-12-27,57721 Madison Ave,New York,NY,78125-3852,Manhattan,Phone,Success end reduce their eat light. Voice need everybody perform.,Non-Profit
Heather Lopez,heather.lopez@example.com,001-395-821-1715x109,1977-04-28,8045 3rd Ave,New York,NY,25367-5295,Brooklyn,Phone,"Sister large total price study view. Woman wish evening create teach color our. However analysis two section goal.
Risk idea possible. Effort most least mission music.",VIP
Amber Gonzales,amber.gonzales@example.com,788.294.6038x431,1948-01-03,1165 Grand Concourse,New York,NY,18742-8567,Brooklyn,Mail,"Control single president candidate who. Offer section kid responsibility.
Challenge perform board necessary stage view. Cause box control water poor.",Small Business
Scarlett Peterson,scarlett.peterson@example.com,(329)890-1379,2001-07-05,94911 1st Ave,New York,NY,48912-3087,Queens,Email,"Point edge section including help wish. Per federal worry population meet. Realize throw this.
Whatever rest front exactly. College film bit hard yet blue.",Government
Sarah Simmons,sarah.simmons@example.com,704-323-7497x40211,1997-02-20,86589 Wall Street,New York,NY,73950-9725,Queens,Mail,"Improve call strong try mind account wrong red. Pm blue stop president training kid fall.
Some green yard until worry.",Small Business
Patrick Evans,patrick.evans@example.com,721-615-5878x987,1978-03-17,5372 Jerome Ave,New York,NY,44240-3546,Staten Island,Email,"Use themselves within. Six foot how stage drug glass film. Agent smile customer finish.
Break involve level make. Agree industry heart food group game into.",Small Business
Nicholas King,nicholas.king@example.com,387.538.2674x6270,1951-11-12,78162 Northern Blvd,New York,NY,31780-3281,Staten Island,Mail,Population then nice not board paper. Prove also wind marriage. Show north phone.,Government
Megan Howard,megan.howard@example.com,634.628.5511x9957,1979-03-09,6178 Broadway,New York,NY,49613-4581,Bronx,Email,"What employee book economic weight improve.
Author well safe father interview today. Movement house property accept care father remember administration. Still himself region evidence soon three.",Individual
Stephanie Roberts,stephanie.roberts@example.com,+1-579-799-3663x404,1966-11-16,245 Jerome Ave,New York,NY,28894-2400,Manhattan,Phone,"Stand scientist nearly.
Area main purpose choose. Task industry prevent since truth term. Situation today security road.",Small Business
Eric Flores,eric.flores@example.com,626.640.5196,1976-12-07,41941 Amsterdam Ave,New York,NY,52984-2690,Manhattan,Mail,"Total evidence continue onto give care. As necessary challenge.
Reduce same thank happen address relationship. Simply at no result pass. American difficult young keep.",Small Business
Amber Taylor,amber.taylor@example.com,(775)800-0625,1968-04-30,889 Richmond Ave,New York,NY,46936-3125,Brooklyn,Email,"Trade their win bag mention say. Well sport job on. Kid which nation their.
Prove how second out. Manager know never development happy coach less. Then health you expert resource share building.",Non-Profit
Crystal Taylor,crystal.taylor@example.com,513-996-1118x80362,1983-04-19,1379 4th Ave,New York,NY,15611-3941,Bronx,Email,Pressure beautiful police eye enough image assume. Page fact much company. Remain too push herself hand loss federal.,VIP
Ashley Watson,ashley.watson@example.com,482.773.3891,1943-11-09,266 Bowery,New York,NY,40744-5224,Bronx,Email,"Science law gun station produce better response. Film strategy sense short price. Smile someone attorney cause.
Leader become marriage television. Without she turn style administration your.",Non-Profit
Avery Price,avery.price@example.com,680.675.3193x803,1984-03-24,6247 Park Ave,New York,NY,72213-5282,Bronx,Email,Increase power especially me individual term series more. Ten past garden per body get. Certain also receive newspaper ahead.,Corporate
Connor Jones,connor.jones@example.com,355-858-4623x21091,1993-06-11,99152 1st Ave,New York,NY,84192-3068,Queens,Email,Water point capital get owner better. Individual food talk suffer well tree. Trial direction him wide bill wish involve.,VIP
Sophia Lewis,sophia.lewis@example.com,910.378.5600x57602,1970-09-17,4156 Grand Concourse,New York,NY,35202-3047,Bronx,Email,Current though respond scene well strong. Carry be conference recognize prove event. Risk military hope benefit capital claim nice.,VIP
Layla Martinez,layla.martinez@example.com,(326)206-5407,1969-03-15,64994 Mulberry Street,New York,NY,38867-3179,Staten Island,Mail,Hold teach character big commercial political up hotel. Story day song read wait culture treat. Book bank build lawyer attorney arm.,Non-Profit
Alexander Stewart,alexander.stewart@example.com,987.879.7788x697,1999-03-10,1857 Bowery,New York,NY,91123-6927,Bronx,Mail,Over student my here. Type research at as have ever. Give politics push voice wrong.,Corporate
Andrew Torres,andrew.torres@example.com,(919)565-3823,1988-01-26,15808 Fulton Street,New York,NY,73752-3544,Queens,Email,Million deal central everybody. Window scientist tonight together treatment again. Bank adult second discuss laugh much choice.,Government
Addison Phillips,addison.phillips@example.com,918-321-4035x658,1990-09-18,4980 Forest Ave,New York,NY,68658-3534,Brooklyn,Mail,Party little measure significant degree artist the. North ok eye agreement might often business style. Tell marriage wife.,Corporate
Tyler Richardson,tyler.richardson@example.com,659-987-2635x60900,1948-08-29,639 Queens Blvd,New York,NY,39162-1993,Queens,Email,Or doctor hot speech eight. Apply cover suddenly reflect middle else. Follow everyone security tell popular quickly.,Non-Profit
Joshua Henderson,joshua.henderson@example.com,247.996.2613,1986-11-01,64644 Canal Street,New York,NY,60982-2499,Brooklyn,Email,Local yet wonder develop major later. Hundred probably build or other. Help plan fight peace.,Government
Jessica Anderson,jessica.anderson@example.com,+1-509-390-5269x675,1988-09-07,444 Victory Blvd,New York,NY,16127-5552,Brooklyn,Mail,General dark floor. Learn former southern wrong up while with field.,Corporate
Adam Moore,adam.moore@example.com,(368)280-8436x5837,1979-07-10,8220 Fordham Road,New York,NY,73038-2892,Brooklyn,Mail,Few little southern station call. Fund sea role perform good.,VIP
Megan Wood,megan.wood@example.com,5283255195,1994-08-15,34414 Fordham Road,New York,NY,47136-3084,Brooklyn,Mail,Lead bill environmental right. Example stop letter where he meet should. Shake lead as first.,Individual
Stephanie Flores,stephanie.flores@example.com,001-379-960-6049x7780,1979-04-04,03231 Grand Concourse,New York,NY,37576-3004,Queens,Email,Must history walk receive strategy line. Wish it try rich. Usually this such under evidence parent agree.,Non-Profit
Andrew Johnson,andrew.johnson@example.com,001-878-612-0419,1944-12-20,729 Canal Street,New York,NY,85258-5749,Brooklyn,Email,"Traditional model leave car knowledge attack begin. Cell strategy whom hold. Very later agent bank.
Recognize enjoy forget. Size not all artist move. Wind fear building science begin happen.",Individual
Layla Mitchell,layla.mitchell@example.com,997.690.3069x1412,1986-03-04,91593 Astoria Blvd,New York,NY,36707-7912,Queens,Mail,"Attention some black control newspaper affect. Perform page fear agree. Season show above laugh every affect finish ready.
Wait peace must draw.",Corporate
Heather Walker,heather.walker@example.com,001-907-952-2993x128,1947-10-05,460 Lexington Ave,New York,NY,40457-8371,Staten Island,Email,Drive method security white television drop game. Structure positive modern professional. Yes discussion race cold similar.,Corporate
Nathan James,nathan.james@example.com,001-287-458-2448,1947-03-08,69607 Bowery,New York,NY,24977-4934,Manhattan,Mail,House the main not. Answer law possible sign resource. Give pick paper summer knowledge quickly whether.,Non-Profit
Aurora Foster,aurora.foster@example.com,9887243815,1973-06-01,612 Astoria Blvd,New York,NY,63220-7920,Brooklyn,Mail,"All across consumer account plant lawyer.
Degree size analysis owner buy those. Much save sometimes room.
Debate reason main firm. Site radio myself paper. Rest perhaps how although.",VIP
Brittany Clark,brittany.clark@example.com,(233)331-3922,2001-07-11,14785 Lexington Ave,New York,NY,61243-3198,Brooklyn,Email,"Physical test time medical air need couple red. Gun wear young crime step father cold.
Station organization around. Bank first least thought cause. Still relate yard sign.",Corporate
Chloe Foster,chloe.foster@example.com,569.958.0160x2442,1978-05-31,002 Jerome Ave,New York,NY,31799-7591,Brooklyn,Phone,"North purpose it school something. Method movie least sort form all.
It bring ten hospital stay south. Tend somebody real security. Answer at wear peace. Everyone old beyond medical vote police wall.",Individual
Mia Butler,mia.butler@example.com,(754)447-8789,1971-06-27,360 Central Park West,New York,NY,45137-4587,Manhattan,Mail,Loss whether take decide door audience laugh. Pay military certain memory while week protect. Herself mention range level.,Corporate
Aria Murphy,aria.murphy@example.com,(680)854-2847x644,1980-09-23,1972 4th Ave,New York,NY,47602-8824,Staten Island,Phone,"Reach able peace enjoy out from.
Prepare animal each check source I fall. Network medical local Congress ten author security.",Individual
Jane Sanchez,jane.sanchez@example.com,001-219-266-6783x2352,1989-05-13,16357 Park Ave,New York,NY,48920-1499,Queens,Email,Reason same stage his international design change. Store market speech lose. Spring behavior interest put traditional. Quickly stuff seek billion.,Non-Profit
Nathan Martin,nathan.martin@example.com,249-500-6539x573,1964-08-10,621 Fordham Road,New York,NY,44655-1094,Bronx,Email,Focus ever point cover. Organization kid collection very well all. She matter he kitchen we others glass.,Non-Profit
Michael Walker,michael.walker@example.com,(736)414-1343,1984-11-19,45411 Park Ave,New York,NY,59656-9415,Staten Island,Email,Nature charge coach end operation while. Population raise population exist. Leader per two president green you join.,Individual
Heather Price,heather.price@example.com,482-220-2841,1946-01-25,60633 Fordham Road,New York,NY,63925-9763,Bronx,Mail,"Would town indicate citizen discussion. Significant space manager movement. Buy produce think.
Rock much project everybody attack radio attention. Out effect policy hear summer investment discuss.",Non-Profit
Emma Rivera,emma.rivera@example.com,(792)969-0591,1987-06-29,95476 4th Ave,New York,NY,57269-9681,Manhattan,Mail,"Me which investment commercial door little.
Or job enjoy still difficult language expect who. Yeah theory ahead choice population. Full at plant certain exactly. Thousand college myself total.",VIP
Caleb Bryant,caleb.bryant@example.com,868-606-6461x882,1981-02-08,5605 Broadway,New York,NY,15851-4151,Manhattan,Phone,"Without shake soon high anything. Indeed cell economic case.
On could that pass manage. Best short specific process information.",Small Business
Samuel Stewart,samuel.stewart@example.com,235.620.9608x291,2001-12-31,2221 Central Park West,New York,NY,61940-8347,Brooklyn,Mail,"Hair box author. Budget network stuff.
Successful although represent available sure as. Less especially paper least deep box day. Necessary administration wish tell action.",Corporate
Aurora Rogers,aurora.rogers@example.com,+1-656-304-3551x47816,1956-03-26,09303 Broadway,New York,NY,10988-1515,Queens,Email,Sea perform strong its. Staff learn attorney clear finally outside its. Former prevent become change customer recognize same fear.,VIP
Stephanie Edwards,stephanie.edwards@example.com,001-541-437-6532x1143,1978-09-04,9667 5th Ave,New York,NY,13695-3533,Staten Island,Phone,"Total who claim main. Hot movie force detail despite raise. Wife my computer stand nearly out.
Use case occur risk special culture. Memory against she strong center.",Small Business
Ellie Diaz,ellie.diaz@example.com,5185382194,2006-05-10,60487 Northern Blvd,New York,NY,66779-5073,Queens,Mail,"Staff believe individual some character necessary mind. Note break customer hope use rest call.
Tend local popular pattern call difference. Pick specific line same same tree fear.",Non-Profit
Brandon White,brandon.white@example.com,847.330.9907,1974-04-21,932 4th Ave,New York,NY,48897-6683,Bronx,Mail,Trade anyone clear whether thought. Modern price name. Role picture fly talk three particular.,Small Business
Chris Jackson,chris.jackson@example.com,535-963-1409,1952-09-11,27324 West End Ave,New York,NY,79318-5524,Brooklyn,Email,Product local position summer. Statement price risk wait read. Hair card power. Talk agency option significant available general message.,Corporate
Tyler Cox,tyler.cox@example.com,284.595.3443x91030,1996-02-12,2489 Jerome Ave,New York,NY,53302-5504,Queens,Email,Necessary story hundred treatment factor. Paper two statement follow.,Government
Matthew Torres,matthew.torres@example.com,6027435020,1944-03-08,19835 Roosevelt Ave,New York,NY,88104-7610,Bronx,Phone,"Economy account rich someone land picture reality. Buy family protect team watch.
Apply should fast mean believe what enjoy.
Outside better follow throughout approach. Exist read with yeah.",Individual
Stephanie Davis,stephanie.davis@example.com,469.837.4571,1986-08-03,605 Canal Street,New York,NY,19265-7280,Staten Island,Email,"Bed happen law tree student no involve. Guess pick stand rock end piece.
Author deep always anyone. Sense message within training. Such affect value need training of.",Government
Joseph Lee,joseph.lee@example.com,(468)546-5308,1951-12-24,9337 Astoria Blvd,New York,NY,90563-3716,Brooklyn,Email,"Work something seat happy only fine.
Education education own do boy PM politics. Century Democrat fast woman. We father early around well north rate sign.",Government
Daniel Edwards,daniel.edwards@example.com,001-387-697-8310,1987-04-01,5907 Bowery,New York,NY,27422-4373,Manhattan,Email,"Town establish language art hold beyond charge yes. Growth again view owner least account.
Field race cut partner traditional per suggest. Behind billion able year. Energy fill city still threat.",Non-Profit
Zoey Rodriguez,zoey.rodriguez@example.com,390.439.7514x676,1982-04-08,41591 Queens Blvd,New York,NY,91014-2541,Brooklyn,Phone,"Effect respond here they purpose. Present southern cause with fight. Election center keep fund health option.
Summer hope perform reduce. Dark by level wind activity Mrs plant.",VIP
Hannah Watson,hannah.watson@example.com,572.270.8857x16509,1978-05-12,4518 Fordham Road,New York,NY,86138-1832,Brooklyn,Phone,However mother left sell sell unit. Someone skill blue knowledge three director executive. The range easy particularly century before talk.,Non-Profit
Robert Wright,robert.wright@example.com,426-732-0205,1957-05-29,72481 Hylan Blvd,New York,NY,44638-1864,Brooklyn,Mail,"College meet main card voice. Win treat scene gun already indicate fight.
Thus image policy history capital walk his. Western rock since call and. Stop mother prepare purpose director.",Individual
Nathan Baker,nathan.baker@example.com,(703)282-3688x971,1951-04-11,06268 Houston Street,New York,NY,65616-5418,Bronx,Email,Despite walk dark help happen mouth. Writer general project response chair. Appear win physical red international available.,Non-Profit
Cameron Ward,cameron.ward@example.com,001-711-556-2683x24780,1950-07-17,53012 Forest Ave,New York,NY,19953-7560,Manhattan,Mail,On action ago dinner do present thousand. Great ability occur.,Government
Isaac Perez,isaac.perez@example.com,(985)335-8470x60919,1997-11-28,0869 Queens Blvd,New York,NY,98312-2474,Manhattan,Mail,Western item a whether return movement. Home always poor. Section skill benefit ask morning much easy.,Individual
Matthew Perez,matthew.perez@example.com,211.743.2621x079,1993-02-13,3793 3rd Ave,New York,NY,28145-3520,Bronx,Email,"Rise pull later away. Put purpose make become fire police Democrat.
Report let eat half level. Knowledge us thousand interesting hot movie character thus. Social tax buy five wear he strategy human.",VIP
Evelyn Miller,evelyn.miller@example.com,+1-709-400-0888,1994-07-31,495 West End Ave,New York,NY,11451-1904,Brooklyn,Email,Expect meeting way better maybe year with answer. Fall us he not court ball.,Non-Profit
Zoey James,zoey.james@example.com,(816)369-9126,1959-06-27,28300 2nd Ave,New York,NY,53435-8226,Bronx,Phone,"Lot computer chair eight student good war. Other need player task.
Mrs ability school back us both. East piece not call almost office.
Since really now. Leg fire few culture.",Government
Timothy Cox,timothy.cox@example.com,667.629.0741,2004-03-28,5800 1st Ave,New York,NY,52450-5605,Brooklyn,Mail,Situation fly structure above magazine director area box. Spring job trade across director nor apply.,VIP
Jack Ward,jack.ward@example.com,792.770.5329x255,2002-03-15,42897 3rd Ave,New York,NY,59999-6803,Brooklyn,Mail,"But go right matter late hit task. Investment drug skill at sport kitchen. Rate gun order product edge. Drive report above magazine.
Even to enough much. Late decision spring talk high then half.",Small Business
Steven Foster,steven.foster@example.com,904.466.4832x4567,2003-07-04,4431 West End Ave,New York,NY,22844-5612,Staten Island,Email,Thought score prevent success market wish own. Sell true face grow those our. Herself themselves capital purpose she program.,Government
Nicholas Phillips,nicholas.phillips@example.com,6555136036,1974-06-10,7945 Wall Street,New York,NY,47675-1802,Staten Island,Email,Way capital test international our future bill. Republican southern true firm service rock teach. Weight bill place dream again.,Individual
Rachel Russell,rachel.russell@example.com,001-926-927-8383x83830,1948-05-11,3748 Queens Blvd,New York,NY,50219-8994,Queens,Phone,"Reality then quality treatment address. Around per situation away everything if rate. Perform federal must board raise. Off huge by scene team.
Easy forward realize. News why skill person protect.",Corporate
Hannah Davis,hannah.davis@example.com,985.892.3334x9432,1976-09-08,885 2nd Ave,New York,NY,95766-3482,Staten Island,Phone,"Part subject safe just in home here. Sister way cost town leader.
Law interview popular dog compare way reflect election. Current green daughter thousand. Focus decade color experience modern wide.",Small Business
Lauren Peterson,lauren.peterson@example.com,001-864-542-8225x26344,1952-06-24,537 Forest Ave,New York,NY,35627-6002,Manhattan,Email,Day story trouble sit. Carry meet evidence when big hundred. Oil physical since rich reach in mother. All man administration that six.,VIP
Timothy Ross,timothy.ross@example.com,(736)663-7905,1959-12-30,72322 Columbus Ave,New York,NY,55689-1642,Queens,Email,"Three perform receive nice wind plant. Single experience our never change fly box.
Oil black lead. Against all herself professional particular then. Character Congress else research yet for.",Government
Avery Lopez,avery.lopez@example.com,001-730-618-6753x705,1987-08-17,1850 Wall Street,New York,NY,47072-4980,Staten Island,Phone,Glass employee better available. Phone near development entire lay strong. Knowledge increase understand force TV.,VIP
Scarlett Bailey,scarlett.bailey@example.com,(433)720-6434,1985-12-30,54294 Park Ave,New York,NY,39176-7533,Brooklyn,Phone,Lead recently image security. Question parent money option carry. Shake provide reveal current step main. Late begin right act bit.,Small Business
Zachary Rogers,zachary.rogers@example.com,(992)798-1063,1954-07-14,26671 Forest Ave,New York,NY,96044-2156,Staten Island,Mail,"Until again discover send administration south. Herself by future energy allow suffer writer. Last none any shake.
Sign suffer show.",Non-Profit
Zoey Powell,zoey.powell@example.com,458.547.8976x197,1987-12-13,2400 Richmond Ave,New York,NY,67801-2808,Manhattan,Phone,"Side past now. More push this bank fight account. Until moment himself Democrat interview be.
Out voice doctor vote already since.",Non-Profit
Lillian Flores,lillian.flores@example.com,(507)855-8199x161,1947-06-13,0746 Broadway,New York,NY,73867-6545,Brooklyn,Mail,End matter treatment who. Suffer political pass organization blue standard. Operation foreign more around ability. Group difficult water film indeed different.,Small Business
Lucas Smith,lucas.smith@example.com,(343)959-5146x304,1988-03-13,9118 Fordham Road,New York,NY,92294-1514,Queens,Phone,"Charge dark performance can response deep approach.
Southern be admit heavy home fast. Dark identify expect this morning indeed address ago.",Small Business
Victoria Murphy,victoria.murphy@example.com,(951)781-1309x24173,1958-09-17,14816 Roosevelt Ave,New York,NY,81971-9537,Queens,Mail,Up morning suddenly hope avoid look according. Subject billion can onto. Team ago risk get teach newspaper.,Individual
Charles Long,charles.long@example.com,895.698.6724x535,1989-09-05,37036 Bleecker Street,New York,NY,38087-6775,Bronx,Mail,Wear they enjoy watch woman. International month why enough. Human so determine person former discover stay value.,Corporate
Hannah Sanders,hannah.sanders@example.com,(407)733-5496x09763,1962-02-20,8586 4th Ave,New York,NY,15026-6604,Bronx,Mail,"Card analysis set him recently lose when. Successful price sure hot play of. Measure white few his couple interest collection.
Mr put born west join according Mr. Remember him Republican.",Individual
Layla Campbell,layla.campbell@example.com,268-761-5837x060,1949-04-08,969 Roosevelt Ave,New York,NY,32458-5665,Brooklyn,Email,"Kitchen check perhaps take accept character little.
Ahead occur almost. Cause walk letter.
Statement thus together final use by. Bar watch responsibility.",VIP
Rachel Young,rachel.young@example.com,(396)664-5997x105,1974-07-20,9881 Bowery,New York,NY,24478-5903,Manhattan,Mail,"Yes find he cost whom reveal. Mother charge daughter sign half summer laugh.
World call reveal certain. Age low bag here day. Partner seek color cell start own.",Government
Connor Harris,connor.harris@example.com,001-405-800-5841,2000-02-11,21796 Park Ave,New York,NY,97417-7298,Brooklyn,Mail,"Ask soon particular throw focus education. Water create involve right.
Force PM land green as those. Add maintain southern.",Corporate
Brandon Brooks,brandon.brooks@example.com,+1-236-574-4693x590,2003-03-18,564 Lexington Ave,New York,NY,29370-5308,Manhattan,Mail,"According religious bag. Present five language peace wrong place.
Collection everybody strong per. Woman look paper sure process.",Corporate
Steven Torres,steven.torres@example.com,+1-708-925-1099x1902,1962-08-28,262 Forest Ave,New York,NY,65990-8604,Brooklyn,Phone,"Involve letter learn stock share attention do. Method federal son war door determine be.
Lot different record something. Finish system win every foot check anything. Claim image record.",Corporate
Lillian Miller,lillian.miller@example.com,510.757.1242x578,1971-10-13,9656 Fulton Street,New York,NY,96832-3694,Staten Island,Mail,"Stay purpose last through past. Interesting ready but million. Between option for identify nation ability.
Cover important break always relationship stock. Red person hair science line standard.",Corporate
Jane Mitchell,jane.mitchell@example.com,586-475-5553x3693,1993-06-22,565 Bleecker Street,New York,NY,96126-2308,Manhattan,Email,"War open college worry enter.
Manager ago case tell opportunity because industry. Audience loss street.
Person them service expert today still. That speech theory north people.",Non-Profit
Caleb Hill,caleb.hill@example.com,407-349-3999x14242,1970-02-26,3753 Victory Blvd,New York,NY,75591-4229,Brooklyn,Phone,"Turn him song interview particularly truth only.
Matter election top hand. Individual level him might.
Result project card similar vote fill.",VIP
Connor Morris,connor.morris@example.com,+1-516-663-1795,1969-06-28,43990 Madison Ave,New York,NY,28535-6576,Manhattan,Email,"Whatever point win great trip from.
Authority fall investment call. Peace understand red the. Business mind five family box firm.",Individual
Mia Kelly,mia.kelly@example.com,(754)627-2212x038,2001-06-10,41001 Roosevelt Ave,New York,NY,18693-4981,Manhattan,Email,"Ready maybe result eye brother step on. Leave company end more drive. Music guess lead car. Subject edge station sit.
Source size sort audience these. Speak sea thousand nearly although.",Individual
Ryan Cook,ryan.cook@example.com,9205955255,1969-10-21,1124 Grand Concourse,New York,NY,54282-5384,Brooklyn,Email,Consumer answer half table admit generation successful inside. Such movie lead letter several thousand. Probably medical friend serve. Two thing rich situation PM.,Government
Joshua Turner,joshua.turner@example.com,+1-472-516-4671x27934,1996-04-04,113 Bleecker Street,New York,NY,18516-6081,Manhattan,Mail,Imagine reality Congress newspaper partner article fast. Since everyone above offer on.,Corporate
Melissa James,melissa.james@example.com,+1-856-295-6101,1986-07-04,80128 Richmond Ave,New York,NY,51626-2134,Queens,Phone,Development difference language offer. Hear measure debate stand. Brother dinner live imagine some main mother.,Small Business
Samuel Garcia,samuel.garcia@example.com,2656082765,2000-09-22,059 Fulton Street,New York,NY,51437-3501,Staten Island,Mail,"Third our because develop opportunity increase. Imagine happen herself main leave. Water international notice action myself.
Agency eat well get pass. Woman sport reason window.",VIP
Zachary Smith,zachary.smith@example.com,6637989485,1963-08-26,6734 3rd Ave,New York,NY,81112-3547,Brooklyn,Mail,Just air security brother range strong nature go. Grow character carry record serve part few. Science fly challenge.,Government
Cameron Wright,cameron.wright@example.com,943.645.0506,1959-09-04,469 Mulberry Street,New York,NY,80743-3342,Manhattan,Mail,Write find speech speak. Family ability time capital American trial if. Baby author agent radio.,Small Business
Nora Alexander,nora.alexander@example.com,862-989-4512x4480,1947-08-10,62585 3rd Ave,New York,NY,31438-5898,Manhattan,Phone,Off risk research can amount. Practice during skill process authority involve case. Fast challenge Mrs he probably.,Non-Profit
Jason Hall,jason.hall@example.com,439-916-7794x20395,1947-04-14,9061 Victory Blvd,New York,NY,17783-2730,Bronx,Email,Design wonder news none. Region race half easy Mrs mouth value. Public letter cup reach beautiful right.,Individual
Michael Carter,michael.carter@example.com,336-947-9922,1982-02-16,12467 3rd Ave,New York,NY,55313-5078,Bronx,Mail,"Herself hundred get four ball. Range office senior state position sign.
Beyond artist traditional early east ahead book find. Arm guess young society approach employee trial.",Non-Profit
Ryan Jones,ryan.jones@example.com,595.627.3017x43816,1992-08-17,3578 Broadway,New York,NY,38883-9093,Manhattan,Phone,"House apply more once official prove check foot. Somebody property head coach similar risk.
Public he fish place. House right design miss simple mention writer. Up her room value note through.",Non-Profit
Eric Phillips,eric.phillips@example.com,+1-615-254-3893x47163,1979-12-29,8584 Madison Ave,New York,NY,63266-7785,Bronx,Phone,Computer ten write issue. Lawyer open view understand. Goal too board bag music decision someone.,Individual
Jordan Wright,jordan.wright@example.com,001-491-441-8055x61381,2000-05-28,08296 Bleecker Street,New York,NY,34835-5217,Queens,Phone,"Mr personal office for young. Get resource worker her worry.
Contain different scientist manager campaign effort. Investment once side ask hold.",Government
Rachel Lee,rachel.lee@example.com,001-419-906-2533x510,1969-11-18,791 Mulberry Street,New York,NY,61475-4447,Brooklyn,Email,"Nation chance enough paper. Feel yeah get tonight. Perform act inside management list off artist old.
Choose amount north trade feeling large near thought. Mother senior view full.",Individual
Jonathan Roberts,jonathan.roberts@example.com,261.807.7209x441,1955-04-19,544 Houston Street,New York,NY,94632-4892,Bronx,Email,"Stock remain fine life. Section happy throughout blood company. Management court newspaper if.
Common think nothing during simply back draw. Say force agree candidate feel series.",Government
Megan Alexander,megan.alexander@example.com,001-333-634-5537,1972-11-07,4773 Queens Blvd,New York,NY,94055-8087,Staten Island,Phone,"Center just artist he garden teacher ok. For another education thank art.
Drug move be kitchen leader win. Might method Mr deep financial bag.",Individual
Rebecca Moore,rebecca.moore@example.com,(479)204-1336x09238,1951-06-13,2315 Fordham Road,New York,NY,77652-8500,Staten Island,Phone,Car weight audience view. Federal floor serious hand challenge business others market.,Government
Emily Lopez,emily.lopez@example.com,(672)211-2797x9614,2004-02-11,747 Columbus Ave,New York,NY,70890-5221,Bronx,Phone,Call quickly own camera I. Relate ball rate fine world only. Analysis weight past time professional second hold end. Step their research build provide.,Non-Profit
Matthew Carter,matthew.carter@example.com,553.249.9427x322,1970-05-29,2324 Madison Ave,New York,NY,87019-9161,Manhattan,Email,"Home choose question wife teach face the. Us discussion east subject else participant.
Student image treat always wear might. Take model technology huge tough government not.",Individual
Caleb James,caleb.james@example.com,+1-451-775-0987,1981-03-26,7621 Hylan Blvd,New York,NY,39762-4390,Queens,Email,"Staff rock call plant. During result edge control Democrat true laugh. Consumer church kind child.
Relate people necessary time another technology each. Investment cup between hair.",Non-Profit
Ethan Morgan,ethan.morgan@example.com,(942)761-9532,1976-01-04,9693 Madison Ave,New York,NY,24702-5713,Brooklyn,Mail,Speak tonight position wonder. Front seem new lay. Home idea us social popular occur agree.,Individual
Robert Gonzales,robert.gonzales@example.com,766-660-0032x04894,2003-01-19,22126 Bowery,New York,NY,39302-8590,Staten Island,Email,"Grow culture build officer cut western behavior billion. Study dark opportunity others.
Bring oil visit hear so Republican collection. Discover fact crime lot maintain piece.",Corporate
Zachary Hill,zachary.hill@example.com,907.625.6322x3871,1996-02-25,38189 Hylan Blvd,New York,NY,89433-9823,Staten Island,Email,People lay by buy along color. Strategy hear own economic recent successful woman book. Include spring hard day eight leg.,Government
Melissa Butler,melissa.butler@example.com,001-257-955-0248x517,1956-05-26,8375 Steinway Street,New York,NY,83216-1226,Bronx,Email,"Watch alone somebody religious.
Senior smile action eight. Congress material tell culture sister dream.
Smile fund color company rise instead. Tell language live want. Like our seven best possible.",Individual
Jacob Lewis,jacob.lewis@example.com,661.612.4767x2270,1995-08-10,3686 Fordham Road,New York,NY,19610-4724,Queens,Email,"Race parent town able significant realize democratic.
Without throughout similar until.
Real accept form of science. Everyone garden throw process somebody.",Non-Profit
Laura Bennett,laura.bennett@example.com,525.812.2017,1975-02-13,34882 5th Ave,New York,NY,26478-6605,Manhattan,Mail,Win have land fear western. Hotel special as research manage step hit. Product relate too little that sure care.,VIP
Evelyn Ross,evelyn.ross@example.com,(532)854-2689x035,1950-07-30,7211 Amsterdam Ave,New York,NY,13827-7075,Queens,Email,"Service business gun teacher space opportunity company. President mouth then my person moment within position.
Sign mind tell region career evidence. Carry side think record.",Small Business
Jackson Hernandez,jackson.hernandez@example.com,+1-264-968-0017x5821,1969-04-09,18532 Houston Street,New York,NY,76211-3299,Staten Island,Mail,"Summer conference property role. Position act you help. Read option history hotel east.
Rather nor society phone debate. Pm save son.
The employee music not threat choice.",Small Business
Megan Harris,megan.harris@example.com,+1-350-643-0094,1965-09-17,99532 Bowery,New York,NY,77336-2084,Brooklyn,Phone,"Radio I agreement computer. Concern short pretty mean arm could guy. Yard south mission western.
Value nor PM such. Break plan second.",Non-Profit
Lucas Adams,lucas.adams@example.com,637.271.9225x062,1971-11-30,1256 Bowery,New York,NY,30605-2992,Manhattan,Phone,"Page attention week marriage great. Local material finish mother. Professional cause some night race herself.
Form national again claim message amount couple reach. Option produce agreement dog.",Individual
Michelle Jones,michelle.jones@example.com,(661)815-1859x629,2002-04-08,20589 Bleecker Street,New York,NY,23672-7850,Brooklyn,Phone,"Data religious hard treat manager. Yes few skill hard one.
Despite church manage true training. Doctor control start soldier.",Government
Daniel Diaz,daniel.diaz@example.com,(698)745-7065,1967-08-16,865 Jerome Ave,New York,NY,59861-1847,Staten Island,Phone,"Whatever school author success trip themselves past. Coach address thing. Close system term boy cost.
Style ask program can word course. Own family reason speech son unit against.",Individual
Penelope Ward,penelope.ward@example.com,+1-323-773-2385,1977-12-13,9783 Mulberry Street,New York,NY,30361-9063,Brooklyn,Mail,"Administration at do notice. Whole collection later mission professional either bar loss.
Possible information size enough. World economy very feel. Lawyer test pay gun first participant.",Small Business
Zoey Hayes,zoey.hayes@example.com,001-281-749-9767x43996,1983-10-30,87544 1st Ave,New York,NY,91334-3086,Manhattan,Phone,Imagine need audience individual. Morning nice develop form fire direction. Teach would beautiful data happen land for.,Government
Lauren Cooper,lauren.cooper@example.com,(477)323-8879,1961-04-01,0025 5th Ave,New York,NY,29711-8792,Queens,Mail,"Executive daughter they morning police. Training itself style suffer deep. Protect instead think economic never.
Out focus public. Owner economy certainly.",Individual
Amy Cox,amy.cox@example.com,871-260-9759,1976-01-27,66493 West End Ave,New York,NY,12680-4823,Manhattan,Mail,Serious glass imagine hear civil mission article. Member leg among money. Market long skill whatever thought present protect number.,Corporate
Jessica Washington,jessica.washington@example.com,846-258-9839x19841,1945-01-15,6278 West End Ave,New York,NY,86371-5474,Brooklyn,Email,"Visit hope former state small owner easy heart. Put professional air save nice difference than.
Wish trade age stand see leader realize. They consumer fight baby moment stay job.",Individual
David Diaz,david.diaz@example.com,5014770207,1976-06-10,2710 5th Ave,New York,NY,82790-8171,Staten Island,Phone,Product painting force at part by. Dog series field which chance. Congress could away language suffer value ahead.,VIP
Isaac Wright,isaac.wright@example.com,566-604-4455x743,1963-09-22,16396 Canal Street,New York,NY,13318-4732,Bronx,Phone,"Also half article institution grow through. Around too purpose agent light range.
Both special line practice line kid enjoy success. To trouble top respond. Scene allow just.",Non-Profit
Jordan Carter,jordan.carter@example.com,001-464-416-3015x5549,1989-04-07,05503 Steinway Street,New York,NY,94098-6683,Manhattan,Phone,Risk build model. Pm must statement much age particular yard. Such change woman.,Small Business
Harper Jones,harper.jones@example.com,001-921-214-3592,1968-11-20,96841 1st Ave,New York,NY,82782-7375,Manhattan,Mail,Character sometimes matter ball energy generation institution at. Than its would wind. Worker pull act include.,Individual
Daniel Watson,daniel.watson@example.com,600-573-7298x57153,2000-11-04,593 Central Park West,New York,NY,48867-4255,Staten Island,Email,"Situation go probably surface. Tree nature new television gun. Share guy vote world.
Become success attorney. Method training role clearly vote. Expect training the base.",VIP
Megan Hernandez,megan.hernandez@example.com,882.839.7626x990,1987-07-17,75671 Canal Street,New York,NY,60972-7659,Queens,Email,One begin build support never hear. First marriage over. Even about task several.,Government
Jack Russell,jack.russell@example.com,(628)698-1746,1961-01-03,74166 Arthur Ave,New York,NY,84562-6145,Bronx,Mail,Season mind traditional executive continue develop occur system. Probably data product capital almost parent possible test. Agent defense option eight throughout.,Individual
Elijah Peterson,elijah.peterson@example.com,(228)363-1719x36491,1943-09-30,15495 Grand Concourse,New York,NY,88286-2991,Bronx,Phone,Something but month star alone report. Car some hundred single. Majority career individual central. Congress down job.,Individual
Kevin Powell,kevin.powell@example.com,408.545.7114x63969,1945-01-05,4137 Wall Street,New York,NY,69039-2604,Bronx,Mail,"Early coach miss whatever. Lay blue guy last key be rate. Professional together city.
When show ground a. Property car study eight leader run. Close night gun fear hand attack.",VIP
Harper Alexander,harper.alexander@example.com,5883197137,1980-12-15,5870 Jerome Ave,New York,NY,87448-9426,Staten Island,Phone,Affect science set. Far require public require expect level city. Help international next. Off long occur force chance.,Non-Profit
Victoria Hill,victoria.hill@example.com,(336)276-5442,1977-10-21,8457 Grand Concourse,New York,NY,73113-7204,Staten Island,Email,"Able piece argue country accept better. Site wife develop management base different.
Particular specific stop. Answer exactly meet nature.",Individual
Lily Bell,lily.bell@example.com,385.959.7659x2713,1995-04-30,623 Amsterdam Ave,New York,NY,25066-8414,Queens,Email,News board toward you than seek improve country. Turn strategy we traditional hear soon. Feeling word charge discussion religious line agree.,Government
Avery Thompson,avery.thompson@example.com,001-420-680-5862x0789,1948-10-19,95814 1st Ave,New York,NY,92934-1320,Queens,Email,Serious behavior five majority begin poor. Black despite prevent fine. Near I parent hand bank.,Corporate
Charlotte Thompson,charlotte.thompson@example.com,928.577.7025x160,1984-07-19,784 West End Ave,New York,NY,85547-7432,Brooklyn,Phone,"Quite soon sea fish will foreign. Break over kid amount chance. End college draw bag president little happy.
Executive necessary beyond deep. Receive again material there.",VIP
Jonathan Watson,jonathan.watson@example.com,654.202.6816x44349,2005-04-23,50373 Fulton Street,New York,NY,67908-9435,Queens,Mail,"Top clearly loss think beautiful anything. Relate rise company side south response myself blood. Raise color all road lawyer process series.
Always generation care kind. Tree task effort to.",Government
Penelope Butler,penelope.butler@example.com,001-966-958-3942,1986-02-02,985 Roosevelt Ave,New York,NY,99360-7804,Bronx,Phone,"Easy tonight wind weight. Real win live. Already question fear.
Sell any friend before. Similar rather side prevent major.",Individual
Evan Brooks,evan.brooks@example.com,774.213.8193x648,1989-06-03,196 Lexington Ave,New York,NY,43875-2149,Bronx,Mail,Mother fish member evidence plant. Hear reduce determine present recently pay yes. South before level.,Individual
Samuel Edwards,samuel.edwards@example.com,8055452438,1968-08-20,0669 1st Ave,New York,NY,79480-9894,Bronx,Mail,"State ok benefit like. Down foreign everyone player boy.
Test green point financial develop Republican toward. Box important name even. Year course hand cover clear even. Industry program again bill.",Corporate
Harper Cooper,harper.cooper@example.com,(509)594-9651x149,1971-02-05,528 Grand Concourse,New York,NY,60658-3894,Staten Island,Email,Claim school lose fish other. Upon dog firm majority instead affect industry. Stock whatever who million report.,Individual
Penelope Walker,penelope.walker@example.com,001-332-567-3446x45849,1967-01-21,55051 Park Ave,New York,NY,92734-4211,Bronx,Phone,Enjoy window consider appear. Factor art learn above fly herself. Rock sure drive local yard four better wide.,Corporate
Rachel Anderson,rachel.anderson@example.com,842-388-5711,1975-12-15,053 2nd Ave,New York,NY,13114-2196,Brooklyn,Email,Research way suggest pattern attention fear. Bad as task process story small. Never debate wish you news stand lawyer. Under news trade safe stand effect moment only.,Government
Kimberly Ross,kimberly.ross@example.com,218-592-8644x6223,1976-06-14,95077 Broadway,New York,NY,69654-3755,Bronx,Email,Finish put most recent discover. Within answer situation.,Government
Laura Wilson,laura.wilson@example.com,(929)790-5974,2006-05-04,505 Fulton Street,New York,NY,37412-6645,Brooklyn,Email,"Season go beautiful ball sure. Nor nearly lead like cost.
Build must event civil agreement. Stock arm education improve edge.
Seem wrong wish so over item.",VIP
Harper Sanders,harper.sanders@example.com,001-818-327-3715x823,1960-10-28,45794 Victory Blvd,New York,NY,88072-9193,Queens,Phone,"Speak admit beat sell seem though vote must. Important prevent remain entire. Just moment put term.
Room real beautiful own away recently. Business protect personal article military current group.",Corporate
Nora Rodriguez,nora.rodriguez@example.com,+1-326-950-2763x0009,1950-08-03,98399 Amsterdam Ave,New York,NY,49437-3992,Brooklyn,Mail,Forward ever goal interesting series whatever story. Rate American dog recent teacher may hit must. Win democratic security win answer after threat.,Individual
John Perez,john.perez@example.com,975-815-1100,1946-01-09,1871 Fulton Street,New York,NY,77135-1342,Staten Island,Email,"Cold Mrs science perhaps. Decide table by eight almost build history. Strategy matter other generation million among.
Many response line position million.",Corporate
Ellie Jackson,ellie.jackson@example.com,(662)201-1276,1969-04-10,0719 Jerome Ave,New York,NY,31450-3317,Brooklyn,Mail,"Piece appear every water issue. Tell notice if budget hour. Add yes president.
Top conference result appear hour clearly go call. Seat own Mrs.",VIP
Michael Ross,michael.ross@example.com,392-586-7903x2988,1984-03-24,61006 Park Ave,New York,NY,97966-5707,Brooklyn,Email,Spring nearly economy executive seven. Along why mouth prevent. Full effort past. Record trade friend check born group.,Non-Profit
Sarah Cook,sarah.cook@example.com,+1-943-460-7696x30025,1968-09-06,007 Canal Street,New York,NY,53021-2900,Queens,Email,Hard able defense possible soldier shoulder rich. Herself responsibility real possible begin inside soldier. Project act drive boy above fish.,VIP
Abigail Diaz,abigail.diaz@example.com,943-889-5330,1968-09-01,44270 Jerome Ave,New York,NY,29762-6578,Brooklyn,Mail,"Newspaper as term leader peace example owner.
History wall beautiful easy production effect professor.
Light play lose enter. House ability whatever according hand west.",Individual
Daniel Turner,daniel.turner@example.com,001-487-254-2173x689,1995-12-03,2399 Lexington Ave,New York,NY,99561-2934,Queens,Phone,"Today oil southern feeling. Good buy mention too.
Eight bad statement yeah. Send money game our way still any. Real guy truth push manager outside how.
Attention past he floor than little woman.",Non-Profit
Mia Parker,mia.parker@example.com,(892)787-3936,2006-06-18,7289 Amsterdam Ave,New York,NY,11222-8978,Brooklyn,Mail,"About others wear section write responsibility industry. Actually indeed top until.
Into bag leave keep anyone or. Special hard everything above imagine too receive.",Individual
Samantha Parker,samantha.parker@example.com,(462)644-1150x4519,1944-02-05,732 Roosevelt Ave,New York,NY,96041-6878,Staten Island,Phone,"Although purpose show raise spend. Test administration me government building.
Weight happy policy. Tonight if case news expect.",Non-Profit
Michelle Bennett,michelle.bennett@example.com,001-637-564-0931x673,2006-02-12,6883 Grand Concourse,New York,NY,70605-7904,Staten Island,Phone,"Save manage billion sort. Sort half push line type scientist. Method however set career purpose democratic computer.
Religious effort news animal generation. According commercial particular most.",Government
Lillian Taylor,lillian.taylor@example.com,(624)959-8447x47886,1989-11-05,9109 Amsterdam Ave,New York,NY,34619-3453,Brooklyn,Mail,"Our win world drug suddenly either cup.
Boy task story space front. Fast interview choice game actually.",Corporate
Michael Rogers,michael.rogers@example.com,001-565-235-5770x984,1949-10-16,17764 2nd Ave,New York,NY,30066-8995,Bronx,Email,"Decision throughout pattern. In civil I.
State similar natural full past protect back.
Decade start time development. Leave want want know sea tough find.",Corporate
Alexander Jones,alexander.jones@example.com,001-468-238-0965,1982-11-19,818 Park Ave,New York,NY,40564-8102,Bronx,Phone,"Provide news away by become. Dog agreement likely cold.
Pick prepare write serious during early three.",VIP
Lily Gray,lily.gray@example.com,001-827-807-9613x50676,1981-07-08,3204 Richmond Ave,New York,NY,27708-5964,Staten Island,Email,"Hospital evidence strategy parent. Full source floor generation yard. Hotel often show.
Sister base bit college. Politics capital girl quality subject.",Government
Lillian Kelly,lillian.kelly@example.com,233-852-0077,1947-11-12,614 Wall Street,New York,NY,26882-8924,Manhattan,Phone,Create short heart evening store price world. Lot cost sea hard catch occur art. Important subject often also raise.,Individual
Aubrey Henderson,aubrey.henderson@example.com,423.665.2011,1960-05-18,6124 Roosevelt Ave,New York,NY,89192-7209,Brooklyn,Email,"Indicate admit as give various. Think gun something mission food do form.
Century data crime shoulder. Exactly media past include plan ever because. Everyone professor professional forward consumer.",Small Business
Charles Hernandez,charles.hernandez@example.com,(536)291-7592x64121,1946-10-28,931 3rd Ave,New York,NY,71449-6685,Brooklyn,Mail,Commercial agent method. Early out work miss behind. Policy poor election fear treat glass.,VIP
Jessica Morgan,jessica.morgan@example.com,(655)513-6203x4128,1985-12-14,57354 Queens Blvd,New York,NY,23851-7111,Queens,Email,"Hand want continue necessary capital teach. Size protect film itself grow drug.
Door feel occur. Risk skill simply indicate effect apply. Understand event yeah.
Idea chance unit medical newspaper.",Corporate
Aubrey Reed,aubrey.reed@example.com,454-314-1671,1969-12-21,5214 Broadway,New York,NY,51786-9640,Manhattan,Email,Build religious both now star. Development study expect result also serve. Western responsibility gas into.,Small Business
Ellie Lee,ellie.lee@example.com,+1-345-747-5479,1971-12-09,278 Victory Blvd,New York,NY,78404-1862,Staten Island,Email,"Catch nice month forward box popular. Successful stay both garden road somebody low process. Behavior fish include happen protect south.
Today top ability difference war and someone.",Individual
Melissa Ross,melissa.ross@example.com,971-407-8889x461,1983-05-16,4163 Wall Street,New York,NY,14949-7216,Queens,Mail,"Message laugh customer candidate voice beat. Treat although middle the.
Record story skin her many account. Trial car edge picture difference bag. Message pattern bad program two.",Individual
Jessica Howard,jessica.howard@example.com,001-680-554-9660x62796,1996-03-05,48494 Wall Street,New York,NY,33113-2882,Queens,Mail,"Impact can company father position better hair. Scientist name third owner.
Majority green night sea exactly tough nation. Operation leg wait baby sound no.",Government
Jordan Walker,jordan.walker@example.com,+1-566-318-2523x17930,1979-12-11,4105 Park Ave,New York,NY,82219-7338,Queens,Mail,"Government look police however film business. Laugh plan evidence upon quality record oil.
Ask there that movie art. So west yeah as return issue.",Small Business
Gabriel Mitchell,gabriel.mitchell@example.com,(364)432-7005x745,1962-04-15,0608 Amsterdam Ave,New York,NY,49031-8946,Brooklyn,Phone,"Sing structure six argue less. Send impact charge training share later.
Somebody major myself event actually. Central why charge.",Non-Profit
Nora White,nora.white@example.com,001-598-516-8579x449,1989-08-14,09588 1st Ave,New York,NY,58396-3814,Staten Island,Phone,Family culture there. Score relate form memory whole chair each others. Other toward energy loss exactly who major.,VIP
Aria Miller,aria.miller@example.com,+1-259-763-3351x1875,1987-07-20,6562 Hylan Blvd,New York,NY,68958-8472,Manhattan,Mail,"Operation lead ever teach result remain. Hand any could boy hotel give set. Letter table fast management Democrat.
Take boy maybe. Service step skill in big.",Small Business
Grace Wilson,grace.wilson@example.com,919.468.2690x6716,1954-05-07,7653 Hylan Blvd,New York,NY,12378-6391,Bronx,Email,Window manage these everyone painting tell fill. Throw keep political move evening foreign for. Among certainly late long thought.,Non-Profit
Anthony Flores,anthony.flores@example.com,290.843.2121x719,1981-03-21,028 Houston Street,New York,NY,12852-6674,Manhattan,Phone,"Risk remain field. Nearly movement possible use which already. Need score system fast.
Forget include service work coach. Bed employee different paper senior floor.",Small Business
Ashley Brown,ashley.brown@example.com,935.896.9560x1097,2001-11-09,0449 Broadway,New York,NY,42004-7306,Bronx,Phone,"Paper wear idea develop. Animal lay beat or laugh remember policy.
Choice including may which none too. Once author character again until life PM. Over job but new new us story.",Government
Aurora Young,aurora.young@example.com,(438)813-3554,1971-11-26,5216 3rd Ave,New York,NY,72066-6914,Brooklyn,Phone,"Attention raise cup long attorney industry ok against. Training born own someone wind.
Picture room attention song natural various. Upon defense unit.",Corporate
Elijah Reed,elijah.reed@example.com,647.578.5786x06569,1977-12-03,22196 Madison Ave,New York,NY,52386-8095,Manhattan,Phone,"Member answer would star. Far view argue suffer government.
System win thing me. Seek yard peace apply. Media space peace happen success many.",Government
Michelle Griffin,michelle.griffin@example.com,(279)359-7177x522,2004-11-07,2509 Broadway,New York,NY,76633-4641,Manhattan,Phone,"Ball remember system senior beyond. Measure become new television lead still. Majority become buy month fly.
Ok entire president leader live late. Election when federal cause.",Corporate
Jackson King,jackson.king@example.com,940-897-9760,1987-08-31,587 Queens Blvd,New York,NY,96925-1723,Queens,Email,"Usually evening where game perhaps share. Else themselves green perhaps off.
Two energy understand sound according summer. Lay discover fast against when. Our leg build.",Government
Addison Rodriguez,addison.rodriguez@example.com,258.816.8526x776,1951-08-28,2756 Central Park West,New York,NY,16122-2250,Brooklyn,Mail,"Herself employee subject special end. Civil evening whatever several specific.
Enter trouble stage stay. Recently action rate win. Middle scientist PM say.",VIP
